"App_ID","Open_Ports","Dependency_Risk","SQL_Injection","XSS","Broken_Auth","Vulnerable_Libraries","DAST_Score","DAST_Result","SCA_Result","Risk_Score","Verification_Status"
1,15,1,3,2,4,8,9,"Failed","Risky",5.8,"Not Verified"
2,19,6,2,0,3,4,5,"Passed","Risky",5.4,"Not Verified"
3,14,8,0,0,5,10,5,"Passed","Risky",6.2,"Not Verified"
4,3,10,1,3,4,0,8,"Failed","Risky",8.8,"Not Verified"
5,10,2,4,4,1,1,9,"Failed","Safe",6.2,"Not Verified"
6,18,5,4,2,4,4,10,"Failed","Safe",8,"Not Verified"
7,11,10,4,0,4,7,8,"Failed","Risky",8.8,"Not Verified"
8,5,2,4,4,1,0,9,"Failed","Safe",6.2,"Not Verified"
9,20,5,5,0,1,2,6,"Passed","Safe",5.6,"Verified"
10,14,3,3,5,5,9,13,"Failed","Risky",9,"Not Verified"
11,5,6,5,4,0,3,9,"Failed","Risky",7.8,"Not Verified"
12,19,6,2,5,4,4,11,"Failed","Risky",9,"Not Verified"
13,9,9,3,0,4,7,7,"Failed","Risky",7.8,"Not Verified"
14,3,6,2,1,1,0,4,"Passed","Risky",4.8,"Not Verified"
15,8,4,5,4,0,5,9,"Failed","Safe",7,"Not Verified"
16,7,2,0,0,1,3,1,"Passed","Safe",1.4,"Verified"
17,10,7,3,4,3,7,10,"Failed","Risky",8.8,"Not Verified"
18,9,9,3,0,1,10,4,"Passed","Risky",6,"Not Verified"
19,19,4,3,3,0,10,6,"Passed","Risky",5.2,"Not Verified"
20,4,1,5,3,4,9,12,"Failed","Risky",7.6,"Not Verified"
21,14,8,3,3,2,3,8,"Failed","Risky",8,"Not Verified"
22,17,3,2,4,2,7,8,"Failed","Risky",6,"Not Verified"
23,11,9,5,5,2,3,12,"Failed","Risky",10.8,"Not Verified"
24,7,6,5,1,3,9,9,"Failed","Risky",7.8,"Not Verified"
25,12,3,1,1,1,1,3,"Passed","Safe",3,"Verified"
26,15,3,1,5,5,10,11,"Failed","Risky",7.8,"Not Verified"
27,10,4,5,4,1,1,10,"Failed","Safe",7.6,"Not Verified"
28,13,6,2,2,4,2,8,"Failed","Risky",7.2,"Not Verified"
29,7,2,5,4,3,0,12,"Failed","Safe",8,"Not Verified"
30,9,7,2,4,4,8,10,"Failed","Risky",8.8,"Not Verified"
31,9,6,4,4,3,7,11,"Failed","Risky",9,"Not Verified"
32,10,7,0,5,1,4,6,"Passed","Risky",6.4,"Not Verified"
33,7,4,5,0,4,10,9,"Failed","Risky",7,"Not Verified"
34,6,7,0,1,0,4,1,"Passed","Risky",3.4,"Not Verified"
35,2,10,3,1,4,2,8,"Failed","Risky",8.8,"Not Verified"
36,5,4,2,0,1,7,3,"Passed","Risky",3.4,"Not Verified"
37,8,9,1,2,2,3,5,"Passed","Risky",6.6,"Not Verified"
38,12,5,3,3,4,3,10,"Failed","Safe",8,"Not Verified"
39,13,9,4,1,3,2,8,"Failed","Risky",8.4,"Not Verified"
40,18,9,1,1,4,3,6,"Passed","Risky",7.2,"Not Verified"
41,1,3,1,2,0,8,3,"Passed","Risky",3,"Not Verified"
42,6,1,2,4,3,4,9,"Failed","Safe",5.8,"Not Verified"
43,15,9,1,2,5,8,8,"Failed","Risky",8.4,"Not Verified"
44,9,9,2,4,2,0,8,"Failed","Risky",8.4,"Not Verified"
45,15,3,5,2,1,1,8,"Failed","Safe",6,"Not Verified"
46,16,4,5,5,2,0,12,"Failed","Safe",8.8,"Not Verified"
47,20,7,3,3,2,9,8,"Failed","Risky",7.6,"Not Verified"
48,6,9,3,4,5,3,12,"Failed","Risky",10.8,"Not Verified"
49,11,10,0,2,0,9,2,"Passed","Risky",5.2,"Not Verified"
50,8,8,3,1,2,0,6,"Passed","Risky",6.8,"Not Verified"
51,7,3,4,0,1,10,5,"Passed","Risky",4.2,"Not Verified"
52,16,6,3,3,3,9,9,"Failed","Risky",7.8,"Not Verified"
53,17,1,1,3,5,4,9,"Failed","Safe",5.8,"Not Verified"
54,18,9,5,2,0,2,7,"Failed","Risky",7.8,"Not Verified"
55,17,9,2,3,1,9,6,"Passed","Risky",7.2,"Not Verified"
56,2,7,5,0,2,5,7,"Failed","Risky",7,"Not Verified"
57,4,8,3,4,0,9,7,"Failed","Risky",7.4,"Not Verified"
58,13,1,3,4,4,4,11,"Failed","Safe",7,"Not Verified"
59,5,10,3,0,2,0,5,"Passed","Risky",7,"Not Verified"
60,19,8,1,3,1,1,5,"Passed","Risky",6.2,"Not Verified"
61,20,2,1,1,1,1,3,"Passed","Safe",2.6,"Verified"
62,14,8,5,2,3,9,10,"Failed","Risky",9.2,"Not Verified"
63,3,6,1,0,1,0,2,"Passed","Risky",3.6,"Not Verified"
64,8,9,1,4,2,3,7,"Failed","Risky",7.8,"Not Verified"
65,16,2,2,1,3,9,6,"Passed","Risky",4.4,"Not Verified"
66,12,7,0,1,0,6,1,"Passed","Risky",3.4,"Not Verified"
67,14,7,4,3,5,6,12,"Failed","Risky",10,"Not Verified"
68,3,9,4,3,0,1,7,"Failed","Risky",7.8,"Not Verified"
69,14,3,0,1,4,4,5,"Passed","Safe",4.2,"Verified"
70,7,3,4,1,5,10,10,"Failed","Risky",7.2,"Not Verified"
71,3,5,0,3,3,0,6,"Passed","Safe",5.6,"Verified"
72,15,2,0,4,2,0,6,"Passed","Safe",4.4,"Verified"
73,5,4,4,5,1,9,10,"Failed","Risky",7.6,"Not Verified"
74,8,10,5,2,2,6,9,"Failed","Risky",9.4,"Not Verified"
75,19,1,3,3,5,10,11,"Failed","Risky",7,"Not Verified"
76,10,10,5,1,2,4,8,"Failed","Risky",8.8,"Not Verified"
77,18,5,5,2,0,10,7,"Failed","Risky",6.2,"Not Verified"
78,10,10,1,0,2,4,3,"Passed","Risky",5.8,"Not Verified"
79,12,8,3,1,3,2,7,"Failed","Risky",7.4,"Not Verified"
80,2,5,0,4,2,1,6,"Passed","Safe",5.6,"Verified"
81,10,6,2,3,4,3,9,"Failed","Risky",7.8,"Not Verified"
82,12,9,2,2,3,10,7,"Failed","Risky",7.8,"Not Verified"
83,20,3,2,1,4,7,7,"Failed","Risky",5.4,"Not Verified"
84,14,1,1,4,2,5,7,"Failed","Safe",4.6,"Not Verified"
85,17,9,3,0,5,6,8,"Failed","Risky",8.4,"Not Verified"
86,14,2,2,0,4,8,6,"Passed","Risky",4.4,"Not Verified"
87,3,1,5,0,3,3,8,"Failed","Safe",5.2,"Not Verified"
88,8,8,0,2,5,9,7,"Failed","Risky",7.4,"Not Verified"
89,14,9,4,1,3,10,8,"Failed","Risky",8.4,"Not Verified"
90,19,2,5,0,3,8,8,"Failed","Risky",5.6,"Not Verified"
91,15,3,5,1,0,7,6,"Passed","Risky",4.8,"Not Verified"
92,17,6,1,3,1,8,5,"Passed","Risky",5.4,"Not Verified"
93,11,1,4,0,5,10,9,"Failed","Risky",5.8,"Not Verified"
94,7,7,4,3,1,9,8,"Failed","Risky",7.6,"Not Verified"
95,15,2,2,4,3,6,9,"Failed","Risky",6.2,"Not Verified"
96,6,5,4,2,4,7,10,"Failed","Risky",8,"Not Verified"
97,14,10,3,1,2,6,6,"Passed","Risky",7.6,"Not Verified"
98,7,3,4,5,3,5,12,"Failed","Safe",8.4,"Not Verified"
99,10,7,2,4,0,5,6,"Passed","Risky",6.4,"Not Verified"
100,5,2,5,4,2,4,11,"Failed","Safe",7.4,"Not Verified"
101,6,8,4,2,3,2,9,"Failed","Risky",8.6,"Not Verified"
102,16,3,3,1,0,6,4,"Passed","Risky",3.6,"Not Verified"
103,11,4,1,0,3,8,4,"Passed","Risky",4,"Not Verified"
104,4,3,5,2,0,2,7,"Failed","Safe",5.4,"Not Verified"
105,12,3,0,1,0,4,1,"Passed","Safe",1.8,"Verified"
106,14,2,5,0,1,5,6,"Passed","Safe",4.4,"Verified"
107,19,4,4,0,0,8,4,"Passed","Risky",4,"Not Verified"
108,7,4,4,3,0,3,7,"Failed","Safe",5.8,"Not Verified"
109,9,6,2,2,2,7,6,"Passed","Risky",6,"Not Verified"
110,7,6,3,1,2,8,6,"Passed","Risky",6,"Not Verified"
111,2,3,0,2,2,7,4,"Passed","Risky",3.6,"Not Verified"
112,16,9,1,3,3,6,7,"Failed","Risky",7.8,"Not Verified"
113,13,5,5,1,3,1,9,"Failed","Safe",7.4,"Not Verified"
114,19,5,2,3,1,10,6,"Passed","Risky",5.6,"Not Verified"
115,20,8,1,5,4,9,10,"Failed","Risky",9.2,"Not Verified"
116,15,5,2,0,5,10,7,"Failed","Risky",6.2,"Not Verified"
117,7,5,3,4,0,5,7,"Failed","Safe",6.2,"Not Verified"
118,4,3,1,2,4,10,7,"Failed","Risky",5.4,"Not Verified"
119,1,7,2,5,5,8,12,"Failed","Risky",10,"Not Verified"
120,8,1,3,2,2,2,7,"Failed","Safe",4.6,"Not Verified"
121,20,2,1,3,2,2,6,"Passed","Safe",4.4,"Verified"
122,16,1,3,5,0,1,8,"Failed","Safe",5.2,"Not Verified"
123,11,8,5,0,4,5,9,"Failed","Risky",8.6,"Not Verified"
124,16,1,1,4,2,2,7,"Failed","Safe",4.6,"Not Verified"
125,20,2,4,5,3,8,12,"Failed","Risky",8,"Not Verified"
126,8,10,0,2,4,5,6,"Passed","Risky",7.6,"Not Verified"
127,3,2,2,5,2,6,9,"Failed","Risky",6.2,"Not Verified"
128,4,6,2,0,4,0,6,"Passed","Risky",6,"Not Verified"
129,20,3,3,2,2,0,7,"Failed","Safe",5.4,"Not Verified"
130,12,8,4,0,2,9,6,"Passed","Risky",6.8,"Not Verified"
131,17,1,3,0,5,7,8,"Failed","Risky",5.2,"Not Verified"
132,10,6,1,2,3,7,6,"Passed","Risky",6,"Not Verified"
133,20,8,3,2,2,6,7,"Failed","Risky",7.4,"Not Verified"
134,11,1,5,2,0,10,7,"Failed","Risky",4.6,"Not Verified"
135,8,4,3,3,3,2,9,"Failed","Safe",7,"Not Verified"
136,14,8,1,3,5,2,9,"Failed","Risky",8.6,"Not Verified"
137,13,3,4,5,2,5,11,"Failed","Safe",7.8,"Not Verified"
138,2,1,1,3,4,0,8,"Failed","Safe",5.2,"Not Verified"
139,11,6,3,0,1,0,4,"Passed","Risky",4.8,"Not Verified"
140,13,3,5,5,5,9,15,"Failed","Risky",10.2,"Not Verified"
141,14,5,4,0,1,9,5,"Passed","Risky",5,"Not Verified"
142,6,1,1,5,4,2,10,"Failed","Safe",6.4,"Not Verified"
143,8,6,2,2,1,10,5,"Passed","Risky",5.4,"Not Verified"
144,12,5,0,0,0,8,0,"Passed","Risky",2,"Not Verified"
145,4,1,1,1,1,10,3,"Passed","Risky",2.2,"Not Verified"
146,13,8,1,2,4,4,7,"Failed","Risky",7.4,"Not Verified"
147,14,9,4,0,3,6,7,"Failed","Risky",7.8,"Not Verified"
148,16,5,0,4,4,9,8,"Failed","Risky",6.8,"Not Verified"
149,1,5,1,5,5,8,11,"Failed","Risky",8.6,"Not Verified"
150,8,8,2,5,5,1,12,"Failed","Risky",10.4,"Not Verified"
151,8,4,3,2,2,1,7,"Failed","Safe",5.8,"Not Verified"
152,10,4,1,5,0,2,6,"Passed","Safe",5.2,"Verified"
153,8,4,1,4,1,10,6,"Passed","Risky",5.2,"Not Verified"
154,18,5,0,5,0,7,5,"Passed","Risky",5,"Not Verified"
155,9,4,0,1,1,9,2,"Passed","Risky",2.8,"Not Verified"
156,7,6,2,0,1,7,3,"Passed","Risky",4.2,"Not Verified"
157,7,10,3,0,3,6,6,"Passed","Risky",7.6,"Not Verified"
158,10,4,3,1,5,5,9,"Failed","Safe",7,"Not Verified"
159,11,1,5,2,3,5,10,"Failed","Safe",6.4,"Not Verified"
160,1,8,3,3,4,7,10,"Failed","Risky",9.2,"Not Verified"
161,19,5,0,4,0,6,4,"Passed","Risky",4.4,"Not Verified"
162,10,5,3,5,0,3,8,"Failed","Safe",6.8,"Not Verified"
163,13,10,0,2,1,6,3,"Passed","Risky",5.8,"Not Verified"
164,11,3,0,2,5,8,7,"Failed","Risky",5.4,"Not Verified"
165,11,1,5,5,0,4,10,"Failed","Safe",6.4,"Not Verified"
166,20,2,5,1,3,4,9,"Failed","Safe",6.2,"Not Verified"
167,7,3,2,0,4,8,6,"Passed","Risky",4.8,"Not Verified"
168,20,4,1,0,3,1,4,"Passed","Safe",4,"Verified"
169,9,10,0,4,3,10,7,"Failed","Risky",8.2,"Not Verified"
170,9,4,0,3,0,10,3,"Passed","Risky",3.4,"Not Verified"
171,5,4,1,1,0,0,2,"Passed","Safe",2.8,"Verified"
172,14,10,4,5,0,4,9,"Failed","Risky",9.4,"Not Verified"
173,14,1,0,4,1,2,5,"Passed","Safe",3.4,"Verified"
174,6,9,4,5,1,6,10,"Failed","Risky",9.6,"Not Verified"
175,1,1,4,0,3,7,7,"Failed","Risky",4.6,"Not Verified"
176,10,5,4,4,3,6,11,"Failed","Risky",8.6,"Not Verified"
177,17,4,4,4,1,10,9,"Failed","Risky",7,"Not Verified"
178,17,1,2,2,5,3,9,"Failed","Safe",5.8,"Not Verified"
179,7,7,0,1,0,1,1,"Passed","Risky",3.4,"Not Verified"
180,9,9,1,5,4,6,10,"Failed","Risky",9.6,"Not Verified"
181,20,5,2,4,1,10,7,"Failed","Risky",6.2,"Not Verified"
182,6,9,3,2,3,2,8,"Failed","Risky",8.4,"Not Verified"
183,18,6,5,3,2,5,10,"Failed","Risky",8.4,"Not Verified"
184,17,9,3,1,0,8,4,"Passed","Risky",6,"Not Verified"
185,5,3,1,4,0,9,5,"Passed","Risky",4.2,"Not Verified"
186,20,9,0,3,4,6,7,"Failed","Risky",7.8,"Not Verified"
187,3,1,1,1,3,0,5,"Passed","Safe",3.4,"Verified"
188,14,3,0,1,5,6,6,"Passed","Risky",4.8,"Not Verified"
189,1,6,0,5,0,1,5,"Passed","Risky",5.4,"Not Verified"
190,2,2,2,3,4,1,9,"Failed","Safe",6.2,"Not Verified"
191,4,1,3,0,1,4,4,"Passed","Safe",2.8,"Verified"
192,10,10,5,1,2,7,8,"Failed","Risky",8.8,"Not Verified"
193,1,5,5,3,3,7,11,"Failed","Risky",8.6,"Not Verified"
194,5,1,0,3,0,9,3,"Passed","Risky",2.2,"Not Verified"
195,8,6,0,4,0,5,4,"Passed","Risky",4.8,"Not Verified"
196,13,6,2,1,3,9,6,"Passed","Risky",6,"Not Verified"
197,18,8,2,2,5,9,9,"Failed","Risky",8.6,"Not Verified"
198,10,1,0,1,3,4,4,"Passed","Safe",2.8,"Verified"
199,6,6,1,2,5,4,8,"Failed","Risky",7.2,"Not Verified"
200,7,1,3,5,5,1,13,"Failed","Safe",8.2,"Not Verified"
201,9,6,4,3,0,8,7,"Failed","Risky",6.6,"Not Verified"
202,16,6,5,1,3,3,9,"Failed","Risky",7.8,"Not Verified"
203,17,5,3,3,3,4,9,"Failed","Safe",7.4,"Not Verified"
204,13,10,4,1,5,5,10,"Failed","Risky",10,"Not Verified"
205,8,9,3,1,1,0,5,"Passed","Risky",6.6,"Not Verified"
206,7,10,5,3,1,7,9,"Failed","Risky",9.4,"Not Verified"
207,20,3,1,5,5,1,11,"Failed","Safe",7.8,"Not Verified"
208,18,9,4,1,0,6,5,"Passed","Risky",6.6,"Not Verified"
209,17,5,1,0,1,8,2,"Passed","Risky",3.2,"Not Verified"
210,1,7,5,5,4,3,14,"Failed","Risky",11.2,"Not Verified"
211,2,2,5,2,3,3,10,"Failed","Safe",6.8,"Not Verified"
212,17,6,0,1,5,7,6,"Passed","Risky",6,"Not Verified"
213,2,10,5,1,1,6,7,"Failed","Risky",8.2,"Not Verified"
214,13,7,4,2,3,10,9,"Failed","Risky",8.2,"Not Verified"
215,17,9,2,5,1,6,8,"Failed","Risky",8.4,"Not Verified"
216,3,3,2,2,5,7,9,"Failed","Risky",6.6,"Not Verified"
217,18,9,1,5,5,9,11,"Failed","Risky",10.2,"Not Verified"
218,2,6,5,1,1,7,7,"Failed","Risky",6.6,"Not Verified"
219,5,6,3,1,5,8,9,"Failed","Risky",7.8,"Not Verified"
220,12,8,3,0,1,6,4,"Passed","Risky",5.6,"Not Verified"
221,13,4,3,5,5,3,13,"Failed","Safe",9.4,"Not Verified"
222,10,6,0,3,0,9,3,"Passed","Risky",4.2,"Not Verified"
223,6,1,1,4,4,0,9,"Failed","Safe",5.8,"Not Verified"
224,10,4,3,5,3,6,11,"Failed","Risky",8.2,"Not Verified"
225,10,6,1,0,2,0,3,"Passed","Risky",4.2,"Not Verified"
226,6,10,1,0,5,4,6,"Passed","Risky",7.6,"Not Verified"
227,16,7,4,0,2,1,6,"Passed","Risky",6.4,"Not Verified"
228,16,7,2,3,4,6,9,"Failed","Risky",8.2,"Not Verified"
229,3,5,1,1,4,6,6,"Passed","Risky",5.6,"Not Verified"
230,4,1,3,1,1,6,5,"Passed","Risky",3.4,"Not Verified"
231,3,3,3,3,0,4,6,"Passed","Safe",4.8,"Verified"
232,3,8,4,3,5,6,12,"Failed","Risky",10.4,"Not Verified"
233,16,1,4,4,0,0,8,"Failed","Safe",5.2,"Not Verified"
234,2,8,5,3,4,2,12,"Failed","Risky",10.4,"Not Verified"
235,15,7,1,2,1,2,4,"Passed","Risky",5.2,"Not Verified"
236,3,3,0,0,5,8,5,"Passed","Risky",4.2,"Not Verified"
237,9,1,4,1,5,3,10,"Failed","Safe",6.4,"Not Verified"
238,7,8,2,5,5,0,12,"Failed","Risky",10.4,"Not Verified"
239,9,8,4,4,3,4,11,"Failed","Risky",9.8,"Not Verified"
240,4,7,5,3,1,10,9,"Failed","Risky",8.2,"Not Verified"
241,2,9,2,5,2,0,9,"Failed","Risky",9,"Not Verified"
242,12,1,1,2,4,2,7,"Failed","Safe",4.6,"Not Verified"
243,9,8,2,0,0,6,2,"Passed","Risky",4.4,"Not Verified"
244,11,1,0,4,4,1,8,"Failed","Safe",5.2,"Not Verified"
245,7,6,3,3,5,8,11,"Failed","Risky",9,"Not Verified"
246,13,2,1,2,5,3,8,"Failed","Safe",5.6,"Not Verified"
247,5,5,2,2,0,1,4,"Passed","Safe",4.4,"Verified"
248,11,10,3,0,0,10,3,"Passed","Risky",5.8,"Not Verified"
249,1,3,5,4,1,4,10,"Failed","Safe",7.2,"Not Verified"
250,19,10,5,5,0,3,10,"Failed","Risky",10,"Not Verified"
251,12,4,1,4,1,4,6,"Passed","Safe",5.2,"Verified"
252,2,8,3,1,2,2,6,"Passed","Risky",6.8,"Not Verified"
253,17,6,0,4,1,7,5,"Passed","Risky",5.4,"Not Verified"
254,12,9,4,2,2,9,8,"Failed","Risky",8.4,"Not Verified"
255,3,5,5,1,5,6,11,"Failed","Risky",8.6,"Not Verified"
256,18,1,1,1,1,6,3,"Passed","Risky",2.2,"Not Verified"
257,15,1,5,3,0,10,8,"Failed","Risky",5.2,"Not Verified"
258,3,2,3,3,3,4,9,"Failed","Safe",6.2,"Not Verified"
259,19,10,1,2,5,6,8,"Failed","Risky",8.8,"Not Verified"
260,18,9,1,1,1,6,3,"Passed","Risky",5.4,"Not Verified"
261,17,1,0,5,4,1,9,"Failed","Safe",5.8,"Not Verified"
262,6,2,0,3,5,6,8,"Failed","Risky",5.6,"Not Verified"
263,10,9,2,0,1,5,3,"Passed","Risky",5.4,"Not Verified"
264,8,1,3,5,2,0,10,"Failed","Safe",6.4,"Not Verified"
265,10,2,2,5,3,0,10,"Failed","Safe",6.8,"Not Verified"
266,13,4,1,5,5,3,11,"Failed","Safe",8.2,"Not Verified"
267,20,8,5,4,1,6,10,"Failed","Risky",9.2,"Not Verified"
268,6,8,3,1,4,3,8,"Failed","Risky",8,"Not Verified"
269,20,5,2,1,1,4,4,"Passed","Safe",4.4,"Verified"
270,20,9,0,3,2,1,5,"Passed","Risky",6.6,"Not Verified"
271,9,10,2,0,1,8,3,"Passed","Risky",5.8,"Not Verified"
272,16,1,5,2,4,2,11,"Failed","Safe",7,"Not Verified"
273,8,4,3,4,2,3,9,"Failed","Safe",7,"Not Verified"
274,7,7,0,3,5,5,8,"Failed","Risky",7.6,"Not Verified"
275,10,6,2,4,4,1,10,"Failed","Risky",8.4,"Not Verified"
276,17,2,1,1,0,0,2,"Passed","Safe",2,"Verified"
277,18,7,1,3,0,8,4,"Passed","Risky",5.2,"Not Verified"
278,8,3,3,0,3,6,6,"Passed","Risky",4.8,"Not Verified"
279,19,2,4,2,4,6,10,"Failed","Risky",6.8,"Not Verified"
280,10,1,4,1,3,0,8,"Failed","Safe",5.2,"Not Verified"
281,11,6,5,2,1,6,8,"Failed","Risky",7.2,"Not Verified"
282,17,6,4,0,4,6,8,"Failed","Risky",7.2,"Not Verified"
283,12,4,4,1,5,9,10,"Failed","Risky",7.6,"Not Verified"
284,2,5,3,2,3,8,8,"Failed","Risky",6.8,"Not Verified"
285,19,5,3,5,1,9,9,"Failed","Risky",7.4,"Not Verified"
286,13,10,4,1,1,6,6,"Passed","Risky",7.6,"Not Verified"
287,13,8,3,2,0,5,5,"Passed","Risky",6.2,"Not Verified"
288,19,6,0,0,3,8,3,"Passed","Risky",4.2,"Not Verified"
289,10,10,0,1,0,4,1,"Passed","Risky",4.6,"Not Verified"
290,16,7,1,3,0,4,4,"Passed","Risky",5.2,"Not Verified"
291,5,3,3,5,0,7,8,"Failed","Risky",6,"Not Verified"
292,4,1,5,1,2,0,8,"Failed","Safe",5.2,"Not Verified"
293,18,2,1,1,0,1,2,"Passed","Safe",2,"Verified"
294,1,10,3,0,0,7,3,"Passed","Risky",5.8,"Not Verified"
295,16,5,5,4,1,3,10,"Failed","Safe",8,"Not Verified"
296,17,5,4,0,4,9,8,"Failed","Risky",6.8,"Not Verified"
297,12,7,4,2,1,7,7,"Failed","Risky",7,"Not Verified"
298,2,1,2,3,2,7,7,"Failed","Risky",4.6,"Not Verified"
299,18,1,1,5,2,9,8,"Failed","Risky",5.2,"Not Verified"
300,12,10,1,0,5,10,6,"Passed","Risky",7.6,"Not Verified"
301,15,2,4,1,4,8,9,"Failed","Risky",6.2,"Not Verified"
302,19,2,0,5,4,2,9,"Failed","Safe",6.2,"Not Verified"
303,6,5,1,5,1,5,7,"Failed","Safe",6.2,"Not Verified"
304,16,1,1,5,4,4,10,"Failed","Safe",6.4,"Not Verified"
305,15,3,2,0,3,0,5,"Passed","Safe",4.2,"Verified"
306,19,10,0,4,3,3,7,"Failed","Risky",8.2,"Not Verified"
307,3,9,5,1,2,10,8,"Failed","Risky",8.4,"Not Verified"
308,14,3,4,5,5,6,14,"Failed","Risky",9.6,"Not Verified"
309,1,2,1,4,4,0,9,"Failed","Safe",6.2,"Not Verified"
310,1,1,4,3,0,8,7,"Failed","Risky",4.6,"Not Verified"
311,16,9,1,2,5,10,8,"Failed","Risky",8.4,"Not Verified"
312,11,3,5,3,2,9,10,"Failed","Risky",7.2,"Not Verified"
313,4,2,3,3,1,8,7,"Failed","Risky",5,"Not Verified"
314,12,9,2,5,3,0,10,"Failed","Risky",9.6,"Not Verified"
315,13,10,4,3,3,8,10,"Failed","Risky",10,"Not Verified"
316,10,10,3,4,0,9,7,"Failed","Risky",8.2,"Not Verified"
317,10,6,1,4,1,5,6,"Passed","Risky",6,"Not Verified"
318,7,6,0,1,0,9,1,"Passed","Risky",3,"Not Verified"
319,18,8,5,2,5,0,12,"Failed","Risky",10.4,"Not Verified"
320,17,4,5,0,1,6,6,"Passed","Risky",5.2,"Not Verified"
321,20,2,5,3,5,2,13,"Failed","Safe",8.6,"Not Verified"
322,9,1,2,0,2,2,4,"Passed","Safe",2.8,"Verified"
323,11,2,3,1,3,4,7,"Failed","Safe",5,"Not Verified"
324,12,7,1,1,5,0,7,"Failed","Risky",7,"Not Verified"
325,8,7,2,0,0,1,2,"Passed","Risky",4,"Not Verified"
326,18,4,4,1,4,6,9,"Failed","Risky",7,"Not Verified"
327,5,5,0,3,2,0,5,"Passed","Safe",5,"Verified"
328,18,10,3,1,0,7,4,"Passed","Risky",6.4,"Not Verified"
329,6,1,1,5,5,2,11,"Failed","Safe",7,"Not Verified"
330,10,10,5,0,5,5,10,"Failed","Risky",10,"Not Verified"
331,9,9,2,2,1,8,5,"Passed","Risky",6.6,"Not Verified"
332,11,7,1,2,0,0,3,"Passed","Risky",4.6,"Not Verified"
333,6,5,1,3,3,10,7,"Failed","Risky",6.2,"Not Verified"
334,12,7,0,5,2,2,7,"Failed","Risky",7,"Not Verified"
335,19,5,1,5,1,4,7,"Failed","Safe",6.2,"Not Verified"
336,4,2,5,5,4,6,14,"Failed","Risky",9.2,"Not Verified"
337,3,8,4,0,1,1,5,"Passed","Risky",6.2,"Not Verified"
338,14,7,5,2,3,9,10,"Failed","Risky",8.8,"Not Verified"
339,8,10,5,5,4,6,14,"Failed","Risky",12.4,"Not Verified"
340,6,8,2,0,3,5,5,"Passed","Risky",6.2,"Not Verified"
341,4,9,4,2,5,0,11,"Failed","Risky",10.2,"Not Verified"
342,10,3,0,1,4,3,5,"Passed","Safe",4.2,"Verified"
343,16,6,0,1,3,3,4,"Passed","Risky",4.8,"Not Verified"
344,16,7,1,3,4,10,8,"Failed","Risky",7.6,"Not Verified"
345,20,3,5,4,5,3,14,"Failed","Safe",9.6,"Not Verified"
346,10,8,5,3,4,1,12,"Failed","Risky",10.4,"Not Verified"
347,6,1,5,1,1,3,7,"Failed","Safe",4.6,"Not Verified"
348,19,9,4,4,1,7,9,"Failed","Risky",9,"Not Verified"
349,4,6,3,3,1,2,7,"Failed","Risky",6.6,"Not Verified"
350,9,9,1,5,1,8,7,"Failed","Risky",7.8,"Not Verified"
351,4,3,3,5,5,7,13,"Failed","Risky",9,"Not Verified"
352,15,3,3,0,1,6,4,"Passed","Risky",3.6,"Not Verified"
353,20,6,3,1,3,7,7,"Failed","Risky",6.6,"Not Verified"
354,17,9,0,0,3,3,3,"Passed","Risky",5.4,"Not Verified"
355,7,9,2,2,1,5,5,"Passed","Risky",6.6,"Not Verified"
356,15,3,1,1,3,4,5,"Passed","Safe",4.2,"Verified"
357,5,5,3,5,4,2,12,"Failed","Safe",9.2,"Not Verified"
358,14,7,0,4,1,7,5,"Passed","Risky",5.8,"Not Verified"
359,15,2,2,4,4,8,10,"Failed","Risky",6.8,"Not Verified"
360,15,6,1,1,3,7,5,"Passed","Risky",5.4,"Not Verified"
361,16,8,5,5,4,7,14,"Failed","Risky",11.6,"Not Verified"
362,19,5,4,0,0,10,4,"Passed","Risky",4.4,"Not Verified"
363,8,3,1,3,5,10,9,"Failed","Risky",6.6,"Not Verified"
364,5,10,1,4,5,10,10,"Failed","Risky",10,"Not Verified"
365,7,5,4,1,5,5,10,"Failed","Safe",8,"Not Verified"
366,20,4,3,5,1,3,9,"Failed","Safe",7,"Not Verified"
367,16,4,4,3,5,0,12,"Failed","Safe",8.8,"Not Verified"
368,16,7,2,1,3,2,6,"Passed","Risky",6.4,"Not Verified"
369,9,1,3,4,2,2,9,"Failed","Safe",5.8,"Not Verified"
370,11,2,4,5,1,10,10,"Failed","Risky",6.8,"Not Verified"
371,11,5,2,4,4,2,10,"Failed","Safe",8,"Not Verified"
372,19,3,2,3,0,1,5,"Passed","Safe",4.2,"Verified"
373,10,7,1,2,0,7,3,"Passed","Risky",4.6,"Not Verified"
374,2,8,3,2,3,3,8,"Failed","Risky",8,"Not Verified"
375,6,5,1,2,1,9,4,"Passed","Risky",4.4,"Not Verified"
376,20,7,3,4,2,1,9,"Failed","Risky",8.2,"Not Verified"
377,14,3,0,4,5,1,9,"Failed","Safe",6.6,"Not Verified"
378,14,6,2,2,5,7,9,"Failed","Risky",7.8,"Not Verified"
379,6,8,1,5,1,9,7,"Failed","Risky",7.4,"Not Verified"
380,18,10,2,1,1,4,4,"Passed","Risky",6.4,"Not Verified"
381,2,6,3,5,1,9,9,"Failed","Risky",7.8,"Not Verified"
382,8,10,3,2,0,0,5,"Passed","Risky",7,"Not Verified"
383,11,8,1,5,5,5,11,"Failed","Risky",9.8,"Not Verified"
384,7,10,5,3,2,4,10,"Failed","Risky",10,"Not Verified"
385,19,6,5,4,0,4,9,"Failed","Risky",7.8,"Not Verified"
386,8,3,4,0,3,3,7,"Failed","Safe",5.4,"Not Verified"
387,10,7,1,3,4,10,8,"Failed","Risky",7.6,"Not Verified"
388,5,1,3,3,0,5,6,"Passed","Safe",4,"Verified"
389,17,6,4,0,3,6,7,"Failed","Risky",6.6,"Not Verified"
390,6,5,5,3,0,9,8,"Failed","Risky",6.8,"Not Verified"
391,8,2,2,4,3,2,9,"Failed","Safe",6.2,"Not Verified"
392,20,7,1,0,2,2,3,"Passed","Risky",4.6,"Not Verified"
393,6,3,4,0,2,8,6,"Passed","Risky",4.8,"Not Verified"
394,15,3,4,2,1,5,7,"Failed","Safe",5.4,"Not Verified"
395,17,4,2,1,0,8,3,"Passed","Risky",3.4,"Not Verified"
396,3,1,0,0,1,5,1,"Passed","Safe",1,"Verified"
397,15,6,4,0,2,3,6,"Passed","Risky",6,"Not Verified"
398,20,5,3,0,4,2,7,"Failed","Safe",6.2,"Not Verified"
399,1,2,5,1,5,6,11,"Failed","Risky",7.4,"Not Verified"
400,5,7,2,0,1,3,3,"Passed","Risky",4.6,"Not Verified"
401,11,10,2,5,0,5,7,"Failed","Risky",8.2,"Not Verified"
402,15,1,4,1,4,6,9,"Failed","Risky",5.8,"Not Verified"
403,20,5,1,4,5,10,10,"Failed","Risky",8,"Not Verified"
404,2,5,5,3,1,6,9,"Failed","Risky",7.4,"Not Verified"
405,16,8,0,1,4,1,5,"Passed","Risky",6.2,"Not Verified"
406,19,3,5,1,3,3,9,"Failed","Safe",6.6,"Not Verified"
407,10,1,4,3,4,9,11,"Failed","Risky",7,"Not Verified"
408,19,4,2,5,3,10,10,"Failed","Risky",7.6,"Not Verified"
409,17,8,4,3,3,3,10,"Failed","Risky",9.2,"Not Verified"
410,7,2,2,4,3,7,9,"Failed","Risky",6.2,"Not Verified"
411,6,4,2,4,3,3,9,"Failed","Safe",7,"Not Verified"
412,12,8,1,2,4,2,7,"Failed","Risky",7.4,"Not Verified"
413,4,8,5,4,2,0,11,"Failed","Risky",9.8,"Not Verified"
414,19,5,3,0,1,4,4,"Passed","Safe",4.4,"Verified"
415,2,6,5,3,0,1,8,"Failed","Risky",7.2,"Not Verified"
416,4,7,0,2,4,5,6,"Passed","Risky",6.4,"Not Verified"
417,11,9,5,5,0,6,10,"Failed","Risky",9.6,"Not Verified"
418,1,7,1,4,0,10,5,"Passed","Risky",5.8,"Not Verified"
419,19,4,3,3,2,3,8,"Failed","Safe",6.4,"Not Verified"
420,18,2,3,5,1,9,9,"Failed","Risky",6.2,"Not Verified"
421,16,8,1,5,5,4,11,"Failed","Risky",9.8,"Not Verified"
422,3,8,2,2,3,6,7,"Failed","Risky",7.4,"Not Verified"
423,1,1,3,5,4,0,12,"Failed","Safe",7.6,"Not Verified"
424,2,7,4,5,0,7,9,"Failed","Risky",8.2,"Not Verified"
425,2,2,2,5,1,9,8,"Failed","Risky",5.6,"Not Verified"
426,8,10,5,5,2,9,12,"Failed","Risky",11.2,"Not Verified"
427,20,6,5,5,4,8,14,"Failed","Risky",10.8,"Not Verified"
428,14,4,5,0,0,6,5,"Passed","Risky",4.6,"Not Verified"
429,13,6,5,0,4,4,9,"Failed","Risky",7.8,"Not Verified"
430,7,10,5,2,5,5,12,"Failed","Risky",11.2,"Not Verified"
431,8,3,3,5,3,9,11,"Failed","Risky",7.8,"Not Verified"
432,3,6,3,3,1,3,7,"Failed","Risky",6.6,"Not Verified"
433,16,9,4,4,1,5,9,"Failed","Risky",9,"Not Verified"
434,1,8,2,5,2,4,9,"Failed","Risky",8.6,"Not Verified"
435,12,9,4,4,3,8,11,"Failed","Risky",10.2,"Not Verified"
436,18,7,4,4,5,2,13,"Failed","Risky",10.6,"Not Verified"
437,14,3,1,3,0,6,4,"Passed","Risky",3.6,"Not Verified"
438,8,8,1,5,4,3,10,"Failed","Risky",9.2,"Not Verified"
439,5,10,3,4,4,5,11,"Failed","Risky",10.6,"Not Verified"
440,17,2,2,3,5,4,10,"Failed","Safe",6.8,"Not Verified"
441,11,8,5,2,5,8,12,"Failed","Risky",10.4,"Not Verified"
442,4,8,0,5,0,4,5,"Passed","Risky",6.2,"Not Verified"
443,13,8,1,5,0,1,6,"Passed","Risky",6.8,"Not Verified"
444,8,2,2,5,4,3,11,"Failed","Safe",7.4,"Not Verified"
445,15,1,4,4,3,2,11,"Failed","Safe",7,"Not Verified"
446,4,9,1,5,4,5,10,"Failed","Risky",9.6,"Not Verified"
447,13,5,5,5,5,0,15,"Failed","Safe",11,"Not Verified"
448,3,7,0,1,3,5,4,"Passed","Risky",5.2,"Not Verified"
449,7,3,4,1,2,2,7,"Failed","Safe",5.4,"Not Verified"
450,1,6,5,3,4,5,12,"Failed","Risky",9.6,"Not Verified"
451,6,8,2,1,5,6,8,"Failed","Risky",8,"Not Verified"
452,13,9,4,5,0,5,9,"Failed","Risky",9,"Not Verified"
453,17,3,1,1,2,9,4,"Passed","Risky",3.6,"Not Verified"
454,6,1,1,0,0,3,1,"Passed","Safe",1,"Verified"
455,10,8,3,4,1,4,8,"Failed","Risky",8,"Not Verified"
456,13,7,4,3,5,7,12,"Failed","Risky",10,"Not Verified"
457,6,5,0,1,5,7,6,"Passed","Risky",5.6,"Not Verified"
458,9,3,4,4,1,2,9,"Failed","Safe",6.6,"Not Verified"
459,8,7,2,1,0,9,3,"Passed","Risky",4.6,"Not Verified"
460,1,4,0,0,0,1,0,"Passed","Safe",1.6,"Verified"
461,16,9,3,2,4,3,9,"Failed","Risky",9,"Not Verified"
462,2,5,0,1,2,1,3,"Passed","Safe",3.8,"Verified"
463,8,9,0,1,2,9,3,"Passed","Risky",5.4,"Not Verified"
464,14,7,5,3,0,4,8,"Failed","Risky",7.6,"Not Verified"
465,12,9,1,1,4,8,6,"Passed","Risky",7.2,"Not Verified"
466,8,9,5,4,5,7,14,"Failed","Risky",12,"Not Verified"
467,9,7,2,1,5,1,8,"Failed","Risky",7.6,"Not Verified"
468,8,4,2,1,2,4,5,"Passed","Safe",4.6,"Verified"
469,9,3,3,5,4,0,12,"Failed","Safe",8.4,"Not Verified"
470,20,9,5,3,3,5,11,"Failed","Risky",10.2,"Not Verified"
471,1,2,2,0,2,5,4,"Passed","Safe",3.2,"Verified"
472,3,8,3,1,2,2,6,"Passed","Risky",6.8,"Not Verified"
473,8,1,0,4,4,4,8,"Failed","Safe",5.2,"Not Verified"
474,2,10,2,1,5,3,8,"Failed","Risky",8.8,"Not Verified"
475,1,7,4,1,0,9,5,"Passed","Risky",5.8,"Not Verified"
476,9,2,2,2,0,4,4,"Passed","Safe",3.2,"Verified"
477,7,10,1,5,3,1,9,"Failed","Risky",9.4,"Not Verified"
478,13,3,1,1,0,5,2,"Passed","Safe",2.4,"Verified"
479,20,2,1,5,0,5,6,"Passed","Safe",4.4,"Verified"
480,14,5,4,1,4,5,9,"Failed","Safe",7.4,"Not Verified"
481,16,8,4,1,1,8,6,"Passed","Risky",6.8,"Not Verified"
482,7,1,0,5,5,1,10,"Failed","Safe",6.4,"Not Verified"
483,4,1,2,5,5,10,12,"Failed","Risky",7.6,"Not Verified"
484,13,8,5,0,0,9,5,"Passed","Risky",6.2,"Not Verified"
485,12,2,5,0,3,8,8,"Failed","Risky",5.6,"Not Verified"
486,13,8,4,0,2,2,6,"Passed","Risky",6.8,"Not Verified"
487,20,3,1,0,1,5,2,"Passed","Safe",2.4,"Verified"
488,10,4,2,1,0,7,3,"Passed","Risky",3.4,"Not Verified"
489,9,7,0,1,5,4,6,"Passed","Risky",6.4,"Not Verified"
490,12,2,3,4,0,2,7,"Failed","Safe",5,"Not Verified"
491,8,4,5,4,3,10,12,"Failed","Risky",8.8,"Not Verified"
492,7,1,4,1,3,3,8,"Failed","Safe",5.2,"Not Verified"
493,15,3,3,5,2,6,10,"Failed","Risky",7.2,"Not Verified"
494,19,7,0,1,1,9,2,"Passed","Risky",4,"Not Verified"
495,17,8,0,2,3,9,5,"Passed","Risky",6.2,"Not Verified"
496,11,3,1,0,4,5,5,"Passed","Safe",4.2,"Verified"
497,7,7,1,1,4,3,6,"Passed","Risky",6.4,"Not Verified"
498,19,2,3,1,3,2,7,"Failed","Safe",5,"Not Verified"
499,3,2,2,5,0,10,7,"Failed","Risky",5,"Not Verified"
500,6,9,4,5,3,3,12,"Failed","Risky",10.8,"Not Verified"
501,7,10,1,5,1,5,7,"Failed","Risky",8.2,"Not Verified"
502,4,7,3,2,0,1,5,"Passed","Risky",5.8,"Not Verified"
503,10,1,3,0,4,5,7,"Failed","Safe",4.6,"Not Verified"
504,17,2,2,1,0,8,3,"Passed","Risky",2.6,"Not Verified"
505,16,9,1,0,1,4,2,"Passed","Risky",4.8,"Not Verified"
506,8,9,3,4,2,0,9,"Failed","Risky",9,"Not Verified"
507,3,1,5,3,1,1,9,"Failed","Safe",5.8,"Not Verified"
508,12,6,5,1,5,4,11,"Failed","Risky",9,"Not Verified"
509,14,6,2,3,4,0,9,"Failed","Risky",7.8,"Not Verified"
510,5,9,4,4,1,1,9,"Failed","Risky",9,"Not Verified"
511,14,7,2,5,3,7,10,"Failed","Risky",8.8,"Not Verified"
512,6,9,4,2,1,10,7,"Failed","Risky",7.8,"Not Verified"
513,9,3,3,0,0,8,3,"Passed","Risky",3,"Not Verified"
514,1,8,1,3,2,3,6,"Passed","Risky",6.8,"Not Verified"
515,20,10,4,2,0,10,6,"Passed","Risky",7.6,"Not Verified"
516,14,6,2,1,5,5,8,"Failed","Risky",7.2,"Not Verified"
517,19,10,2,5,1,4,8,"Failed","Risky",8.8,"Not Verified"
518,5,9,5,3,5,2,13,"Failed","Risky",11.4,"Not Verified"
519,2,9,0,5,5,2,10,"Failed","Risky",9.6,"Not Verified"
520,1,4,2,0,5,1,7,"Failed","Safe",5.8,"Not Verified"
521,20,9,2,3,2,3,7,"Failed","Risky",7.8,"Not Verified"
522,4,9,4,2,5,1,11,"Failed","Risky",10.2,"Not Verified"
523,11,5,1,0,1,4,2,"Passed","Safe",3.2,"Verified"
524,5,1,5,5,5,8,15,"Failed","Risky",9.4,"Not Verified"
525,4,2,1,1,2,8,4,"Passed","Risky",3.2,"Not Verified"
526,19,3,4,4,2,0,10,"Failed","Safe",7.2,"Not Verified"
527,3,5,2,5,3,3,10,"Failed","Safe",8,"Not Verified"
528,1,8,4,5,0,4,9,"Failed","Risky",8.6,"Not Verified"
529,7,1,2,2,4,2,8,"Failed","Safe",5.2,"Not Verified"
530,5,7,5,5,4,3,14,"Failed","Risky",11.2,"Not Verified"
531,9,10,4,1,2,1,7,"Failed","Risky",8.2,"Not Verified"
532,17,5,2,3,0,5,5,"Passed","Safe",5,"Verified"
533,5,7,3,2,3,0,8,"Failed","Risky",7.6,"Not Verified"
534,12,9,3,5,1,3,9,"Failed","Risky",9,"Not Verified"
535,2,10,2,3,5,1,10,"Failed","Risky",10,"Not Verified"
536,18,2,0,2,0,4,2,"Passed","Safe",2,"Verified"
537,4,6,3,0,5,8,8,"Failed","Risky",7.2,"Not Verified"
538,10,3,0,3,0,3,3,"Passed","Safe",3,"Verified"
539,15,3,5,1,0,3,6,"Passed","Safe",4.8,"Verified"
540,8,8,2,3,2,8,7,"Failed","Risky",7.4,"Not Verified"
541,1,7,5,0,5,8,10,"Failed","Risky",8.8,"Not Verified"
542,11,2,4,3,1,7,8,"Failed","Risky",5.6,"Not Verified"
543,5,5,5,3,3,8,11,"Failed","Risky",8.6,"Not Verified"
544,11,6,2,2,4,8,8,"Failed","Risky",7.2,"Not Verified"
545,15,3,3,0,1,10,4,"Passed","Risky",3.6,"Not Verified"
546,15,1,5,1,5,8,11,"Failed","Risky",7,"Not Verified"
547,10,9,2,1,0,4,3,"Passed","Risky",5.4,"Not Verified"
548,15,8,5,4,3,2,12,"Failed","Risky",10.4,"Not Verified"
549,15,9,0,3,0,2,3,"Passed","Risky",5.4,"Not Verified"
550,20,1,3,2,4,2,9,"Failed","Safe",5.8,"Not Verified"
551,12,8,0,0,1,9,1,"Passed","Risky",3.8,"Not Verified"
552,9,8,1,0,1,5,2,"Passed","Risky",4.4,"Not Verified"
553,4,8,1,4,0,4,5,"Passed","Risky",6.2,"Not Verified"
554,3,10,2,0,3,8,5,"Passed","Risky",7,"Not Verified"
555,7,10,0,3,2,2,5,"Passed","Risky",7,"Not Verified"
556,4,8,2,1,5,2,8,"Failed","Risky",8,"Not Verified"
557,8,8,3,2,2,9,7,"Failed","Risky",7.4,"Not Verified"
558,5,8,0,3,3,2,6,"Passed","Risky",6.8,"Not Verified"
559,6,2,2,3,0,8,5,"Passed","Risky",3.8,"Not Verified"
560,4,2,3,0,0,6,3,"Passed","Risky",2.6,"Not Verified"
561,3,2,1,1,2,8,4,"Passed","Risky",3.2,"Not Verified"
562,11,3,1,3,2,5,6,"Passed","Safe",4.8,"Verified"
563,10,2,2,1,4,8,7,"Failed","Risky",5,"Not Verified"
564,5,9,3,5,4,6,12,"Failed","Risky",10.8,"Not Verified"
565,11,9,3,4,3,6,10,"Failed","Risky",9.6,"Not Verified"
566,10,7,2,2,3,8,7,"Failed","Risky",7,"Not Verified"
567,15,5,0,2,5,0,7,"Failed","Safe",6.2,"Not Verified"
568,19,10,3,1,1,3,5,"Passed","Risky",7,"Not Verified"
569,10,6,4,3,1,3,8,"Failed","Risky",7.2,"Not Verified"
570,13,2,1,1,3,2,5,"Passed","Safe",3.8,"Verified"
571,3,1,2,1,5,7,8,"Failed","Risky",5.2,"Not Verified"
572,18,2,2,0,1,2,3,"Passed","Safe",2.6,"Verified"
573,10,2,1,4,5,1,10,"Failed","Safe",6.8,"Not Verified"
574,8,10,4,2,5,1,11,"Failed","Risky",10.6,"Not Verified"
575,12,5,1,4,4,3,9,"Failed","Safe",7.4,"Not Verified"
576,10,8,3,5,3,4,11,"Failed","Risky",9.8,"Not Verified"
577,7,3,1,3,2,5,6,"Passed","Safe",4.8,"Verified"
578,7,2,4,2,5,5,11,"Failed","Safe",7.4,"Not Verified"
579,6,8,4,0,4,0,8,"Failed","Risky",8,"Not Verified"
580,17,9,1,5,4,0,10,"Failed","Risky",9.6,"Not Verified"
581,20,9,1,1,0,7,2,"Passed","Risky",4.8,"Not Verified"
582,1,7,1,2,1,10,4,"Passed","Risky",5.2,"Not Verified"
583,5,2,4,3,2,2,9,"Failed","Safe",6.2,"Not Verified"
584,10,5,2,1,3,6,6,"Passed","Risky",5.6,"Not Verified"
585,13,9,0,1,3,8,4,"Passed","Risky",6,"Not Verified"
586,10,3,4,5,3,1,12,"Failed","Safe",8.4,"Not Verified"
587,2,10,0,2,5,0,7,"Failed","Risky",8.2,"Not Verified"
588,15,9,0,5,0,4,5,"Passed","Risky",6.6,"Not Verified"
589,15,5,0,1,5,0,6,"Passed","Safe",5.6,"Verified"
590,8,8,1,2,1,9,4,"Passed","Risky",5.6,"Not Verified"
591,3,2,2,1,4,5,7,"Failed","Safe",5,"Not Verified"
592,2,6,4,5,2,9,11,"Failed","Risky",9,"Not Verified"
593,6,8,3,4,2,10,9,"Failed","Risky",8.6,"Not Verified"
594,14,6,5,2,3,6,10,"Failed","Risky",8.4,"Not Verified"
595,15,10,1,3,4,5,8,"Failed","Risky",8.8,"Not Verified"
596,19,6,3,1,5,9,9,"Failed","Risky",7.8,"Not Verified"
597,9,4,4,5,2,4,11,"Failed","Safe",8.2,"Not Verified"
598,15,1,0,4,5,6,9,"Failed","Risky",5.8,"Not Verified"
599,16,8,2,4,0,10,6,"Passed","Risky",6.8,"Not Verified"
600,8,9,4,2,5,9,11,"Failed","Risky",10.2,"Not Verified"
601,9,6,0,4,0,6,4,"Passed","Risky",4.8,"Not Verified"
602,16,6,3,4,2,2,9,"Failed","Risky",7.8,"Not Verified"
603,9,2,2,5,2,10,9,"Failed","Risky",6.2,"Not Verified"
604,2,9,4,1,0,2,5,"Passed","Risky",6.6,"Not Verified"
605,9,8,4,4,0,5,8,"Failed","Risky",8,"Not Verified"
606,11,3,2,4,1,8,7,"Failed","Risky",5.4,"Not Verified"
607,11,10,5,0,0,1,5,"Passed","Risky",7,"Not Verified"
608,4,3,5,0,5,10,10,"Failed","Risky",7.2,"Not Verified"
609,7,9,5,2,4,10,11,"Failed","Risky",10.2,"Not Verified"
610,18,6,0,5,0,10,5,"Passed","Risky",5.4,"Not Verified"
611,11,7,2,1,0,10,3,"Passed","Risky",4.6,"Not Verified"
612,1,10,1,0,5,3,6,"Passed","Risky",7.6,"Not Verified"
613,11,7,2,0,0,2,2,"Passed","Risky",4,"Not Verified"
614,6,5,4,3,0,9,7,"Failed","Risky",6.2,"Not Verified"
615,10,9,4,3,2,1,9,"Failed","Risky",9,"Not Verified"
616,18,5,1,3,3,0,7,"Failed","Safe",6.2,"Not Verified"
617,3,4,5,0,1,1,6,"Passed","Safe",5.2,"Verified"
618,3,10,1,1,1,2,3,"Passed","Risky",5.8,"Not Verified"
619,2,7,1,5,1,2,7,"Failed","Risky",7,"Not Verified"
620,8,3,5,1,5,10,11,"Failed","Risky",7.8,"Not Verified"
621,13,3,5,1,0,6,6,"Passed","Risky",4.8,"Not Verified"
622,8,3,0,4,3,10,7,"Failed","Risky",5.4,"Not Verified"
623,2,7,2,4,2,1,8,"Failed","Risky",7.6,"Not Verified"
624,6,5,4,2,0,3,6,"Passed","Safe",5.6,"Verified"
625,17,6,2,5,1,0,8,"Failed","Risky",7.2,"Not Verified"
626,14,2,1,5,1,1,7,"Failed","Safe",5,"Not Verified"
627,7,4,3,1,2,6,6,"Passed","Risky",5.2,"Not Verified"
628,13,6,1,5,0,7,6,"Passed","Risky",6,"Not Verified"
629,8,6,3,5,4,0,12,"Failed","Risky",9.6,"Not Verified"
630,6,10,4,3,1,5,8,"Failed","Risky",8.8,"Not Verified"
631,11,5,5,3,4,5,12,"Failed","Safe",9.2,"Not Verified"
632,10,4,0,3,4,8,7,"Failed","Risky",5.8,"Not Verified"
633,17,3,2,2,0,2,4,"Passed","Safe",3.6,"Verified"
634,7,7,4,0,4,5,8,"Failed","Risky",7.6,"Not Verified"
635,12,6,5,4,1,1,10,"Failed","Risky",8.4,"Not Verified"
636,19,2,1,3,0,4,4,"Passed","Safe",3.2,"Verified"
637,17,9,5,5,1,2,11,"Failed","Risky",10.2,"Not Verified"
638,8,7,0,2,2,6,4,"Passed","Risky",5.2,"Not Verified"
639,15,8,2,1,5,6,8,"Failed","Risky",8,"Not Verified"
640,14,8,4,0,1,6,5,"Passed","Risky",6.2,"Not Verified"
641,14,6,1,2,0,5,3,"Passed","Risky",4.2,"Not Verified"
642,17,5,2,4,1,8,7,"Failed","Risky",6.2,"Not Verified"
643,1,9,0,5,2,9,7,"Failed","Risky",7.8,"Not Verified"
644,18,9,0,3,3,10,6,"Passed","Risky",7.2,"Not Verified"
645,18,5,1,0,3,4,4,"Passed","Safe",4.4,"Verified"
646,20,10,1,4,5,9,10,"Failed","Risky",10,"Not Verified"
647,10,1,0,0,3,6,3,"Passed","Risky",2.2,"Not Verified"
648,10,10,2,4,5,1,11,"Failed","Risky",10.6,"Not Verified"
649,9,2,1,4,3,4,8,"Failed","Safe",5.6,"Not Verified"
650,19,3,2,2,3,8,7,"Failed","Risky",5.4,"Not Verified"
651,18,7,0,5,0,3,5,"Passed","Risky",5.8,"Not Verified"
652,18,6,1,3,5,8,9,"Failed","Risky",7.8,"Not Verified"
653,12,6,2,3,4,10,9,"Failed","Risky",7.8,"Not Verified"
654,12,2,5,5,0,2,10,"Failed","Safe",6.8,"Not Verified"
655,4,1,2,4,4,0,10,"Failed","Safe",6.4,"Not Verified"
656,20,3,1,0,0,8,1,"Passed","Risky",1.8,"Not Verified"
657,10,9,1,3,4,8,8,"Failed","Risky",8.4,"Not Verified"
658,5,2,4,5,3,9,12,"Failed","Risky",8,"Not Verified"
659,2,10,2,4,3,8,9,"Failed","Risky",9.4,"Not Verified"
660,18,8,5,0,5,9,10,"Failed","Risky",9.2,"Not Verified"
661,12,8,4,1,1,0,6,"Passed","Risky",6.8,"Not Verified"
662,13,9,0,4,5,4,9,"Failed","Risky",9,"Not Verified"
663,11,4,1,2,1,1,4,"Passed","Safe",4,"Verified"
664,19,4,1,4,3,10,8,"Failed","Risky",6.4,"Not Verified"
665,6,1,0,5,2,3,7,"Failed","Safe",4.6,"Not Verified"
666,18,2,5,4,1,2,10,"Failed","Safe",6.8,"Not Verified"
667,10,7,0,3,0,5,3,"Passed","Risky",4.6,"Not Verified"
668,9,8,2,4,0,10,6,"Passed","Risky",6.8,"Not Verified"
669,3,9,3,1,0,1,4,"Passed","Risky",6,"Not Verified"
670,19,5,0,2,3,1,5,"Passed","Safe",5,"Verified"
671,8,5,0,0,2,7,2,"Passed","Risky",3.2,"Not Verified"
672,13,6,5,4,0,1,9,"Failed","Risky",7.8,"Not Verified"
673,1,10,4,0,0,3,4,"Passed","Risky",6.4,"Not Verified"
674,2,1,1,0,2,10,3,"Passed","Risky",2.2,"Not Verified"
675,11,10,1,2,3,6,6,"Passed","Risky",7.6,"Not Verified"
676,16,5,1,4,4,1,9,"Failed","Safe",7.4,"Not Verified"
677,5,6,4,0,3,2,7,"Failed","Risky",6.6,"Not Verified"
678,4,5,5,2,1,9,8,"Failed","Risky",6.8,"Not Verified"
679,3,1,4,3,4,3,11,"Failed","Safe",7,"Not Verified"
680,15,10,3,1,2,7,6,"Passed","Risky",7.6,"Not Verified"
681,10,5,0,2,5,1,7,"Failed","Safe",6.2,"Not Verified"
682,7,8,3,5,3,2,11,"Failed","Risky",9.8,"Not Verified"
683,7,8,4,4,2,4,10,"Failed","Risky",9.2,"Not Verified"
684,2,1,0,3,1,2,4,"Passed","Safe",2.8,"Verified"
685,18,7,0,5,0,10,5,"Passed","Risky",5.8,"Not Verified"
686,18,3,2,3,5,8,10,"Failed","Risky",7.2,"Not Verified"
687,3,10,2,1,3,10,6,"Passed","Risky",7.6,"Not Verified"
688,8,4,5,4,3,6,12,"Failed","Risky",8.8,"Not Verified"
689,14,7,2,0,2,9,4,"Passed","Risky",5.2,"Not Verified"
690,9,7,1,4,5,9,10,"Failed","Risky",8.8,"Not Verified"
691,15,7,3,2,5,3,10,"Failed","Risky",8.8,"Not Verified"
692,17,6,2,4,5,1,11,"Failed","Risky",9,"Not Verified"
693,7,9,1,0,2,1,3,"Passed","Risky",5.4,"Not Verified"
694,8,4,5,5,2,1,12,"Failed","Safe",8.8,"Not Verified"
695,1,9,5,0,0,5,5,"Passed","Risky",6.6,"Not Verified"
696,9,3,4,2,3,9,9,"Failed","Risky",6.6,"Not Verified"
697,3,3,1,2,4,5,7,"Failed","Safe",5.4,"Not Verified"
698,2,8,5,1,0,8,6,"Passed","Risky",6.8,"Not Verified"
699,11,9,2,5,2,2,9,"Failed","Risky",9,"Not Verified"
700,4,1,0,1,0,4,1,"Passed","Safe",1,"Verified"
701,8,4,4,1,4,8,9,"Failed","Risky",7,"Not Verified"
702,20,10,2,3,3,7,8,"Failed","Risky",8.8,"Not Verified"
703,11,1,0,2,4,9,6,"Passed","Risky",4,"Not Verified"
704,18,10,3,3,1,2,7,"Failed","Risky",8.2,"Not Verified"
705,14,5,3,0,1,7,4,"Passed","Risky",4.4,"Not Verified"
706,3,9,4,3,2,4,9,"Failed","Risky",9,"Not Verified"
707,3,5,3,5,1,1,9,"Failed","Safe",7.4,"Not Verified"
708,14,8,1,3,1,0,5,"Passed","Risky",6.2,"Not Verified"
709,7,4,1,1,0,0,2,"Passed","Safe",2.8,"Verified"
710,15,2,0,2,2,2,4,"Passed","Safe",3.2,"Verified"
711,8,1,3,2,1,2,6,"Passed","Safe",4,"Verified"
712,1,3,5,5,1,6,11,"Failed","Risky",7.8,"Not Verified"
713,5,7,0,3,3,9,6,"Passed","Risky",6.4,"Not Verified"
714,17,8,5,2,4,10,11,"Failed","Risky",9.8,"Not Verified"
715,6,5,1,1,0,7,2,"Passed","Risky",3.2,"Not Verified"
716,10,2,1,1,2,3,4,"Passed","Safe",3.2,"Verified"
717,12,9,1,2,4,0,7,"Failed","Risky",7.8,"Not Verified"
718,8,10,1,5,2,0,8,"Failed","Risky",8.8,"Not Verified"
719,16,5,0,4,1,7,5,"Passed","Risky",5,"Not Verified"
720,7,6,1,0,4,3,5,"Passed","Risky",5.4,"Not Verified"
721,7,10,5,4,4,8,13,"Failed","Risky",11.8,"Not Verified"
722,1,6,1,0,4,2,5,"Passed","Risky",5.4,"Not Verified"
723,11,7,4,2,0,9,6,"Passed","Risky",6.4,"Not Verified"
724,3,4,1,2,0,1,3,"Passed","Safe",3.4,"Verified"
725,17,6,2,1,4,9,7,"Failed","Risky",6.6,"Not Verified"
726,20,6,5,0,4,8,9,"Failed","Risky",7.8,"Not Verified"
727,3,9,4,2,2,4,8,"Failed","Risky",8.4,"Not Verified"
728,14,3,1,2,4,7,7,"Failed","Risky",5.4,"Not Verified"
729,5,5,3,1,2,4,6,"Passed","Safe",5.6,"Verified"
730,18,10,4,0,2,9,6,"Passed","Risky",7.6,"Not Verified"
731,8,5,5,0,0,10,5,"Passed","Risky",5,"Not Verified"
732,20,9,3,5,5,1,13,"Failed","Risky",11.4,"Not Verified"
733,10,6,0,3,4,2,7,"Failed","Risky",6.6,"Not Verified"
734,18,1,1,1,0,2,2,"Passed","Safe",1.6,"Verified"
735,17,3,1,5,2,7,8,"Failed","Risky",6,"Not Verified"
736,9,8,3,1,2,6,6,"Passed","Risky",6.8,"Not Verified"
737,3,2,3,3,0,7,6,"Passed","Risky",4.4,"Not Verified"
738,5,3,4,1,2,10,7,"Failed","Risky",5.4,"Not Verified"
739,16,10,0,5,3,10,8,"Failed","Risky",8.8,"Not Verified"
740,20,1,1,5,0,3,6,"Passed","Safe",4,"Verified"
741,3,7,2,5,5,4,12,"Failed","Risky",10,"Not Verified"
742,3,3,1,5,2,0,8,"Failed","Safe",6,"Not Verified"
743,13,5,4,2,4,4,10,"Failed","Safe",8,"Not Verified"
744,4,8,1,1,3,8,5,"Passed","Risky",6.2,"Not Verified"
745,15,9,0,3,0,6,3,"Passed","Risky",5.4,"Not Verified"
746,19,1,5,2,4,5,11,"Failed","Safe",7,"Not Verified"
747,13,1,4,3,0,0,7,"Failed","Safe",4.6,"Not Verified"
748,12,1,4,0,4,9,8,"Failed","Risky",5.2,"Not Verified"
749,20,5,3,5,5,0,13,"Failed","Safe",9.8,"Not Verified"
750,13,8,3,4,0,7,7,"Failed","Risky",7.4,"Not Verified"
751,13,5,5,3,2,9,10,"Failed","Risky",8,"Not Verified"
752,3,4,3,2,1,4,6,"Passed","Safe",5.2,"Verified"
753,20,4,3,1,0,7,4,"Passed","Risky",4,"Not Verified"
754,5,5,0,4,2,1,6,"Passed","Safe",5.6,"Verified"
755,13,8,3,0,4,10,7,"Failed","Risky",7.4,"Not Verified"
756,12,9,4,0,3,5,7,"Failed","Risky",7.8,"Not Verified"
757,8,2,3,5,2,6,10,"Failed","Risky",6.8,"Not Verified"
758,6,8,4,5,5,10,14,"Failed","Risky",11.6,"Not Verified"
759,16,3,2,3,5,10,10,"Failed","Risky",7.2,"Not Verified"
760,11,3,1,3,5,6,9,"Failed","Risky",6.6,"Not Verified"
761,12,5,3,4,4,0,11,"Failed","Safe",8.6,"Not Verified"
762,16,8,3,1,3,7,7,"Failed","Risky",7.4,"Not Verified"
763,15,5,2,1,1,8,4,"Passed","Risky",4.4,"Not Verified"
764,1,7,5,4,3,4,12,"Failed","Risky",10,"Not Verified"
765,12,10,1,4,5,0,10,"Failed","Risky",10,"Not Verified"
766,10,9,2,4,5,4,11,"Failed","Risky",10.2,"Not Verified"
767,10,8,2,0,0,4,2,"Passed","Risky",4.4,"Not Verified"
768,4,10,4,5,2,4,11,"Failed","Risky",10.6,"Not Verified"
769,9,6,4,4,1,2,9,"Failed","Risky",7.8,"Not Verified"
770,20,6,3,5,1,6,9,"Failed","Risky",7.8,"Not Verified"
771,5,4,1,1,5,5,7,"Failed","Safe",5.8,"Not Verified"
772,9,9,1,3,4,5,8,"Failed","Risky",8.4,"Not Verified"
773,19,9,5,3,4,1,12,"Failed","Risky",10.8,"Not Verified"
774,3,5,2,2,5,3,9,"Failed","Safe",7.4,"Not Verified"
775,2,1,5,5,0,5,10,"Failed","Safe",6.4,"Not Verified"
776,12,9,4,1,0,4,5,"Passed","Risky",6.6,"Not Verified"
777,15,10,1,0,0,0,1,"Passed","Risky",4.6,"Not Verified"
778,17,8,1,1,4,5,6,"Passed","Risky",6.8,"Not Verified"
779,3,5,1,1,5,3,7,"Failed","Safe",6.2,"Not Verified"
780,7,9,1,5,5,8,11,"Failed","Risky",10.2,"Not Verified"
781,13,7,1,0,0,7,1,"Passed","Risky",3.4,"Not Verified"
782,14,10,0,5,4,1,9,"Failed","Risky",9.4,"Not Verified"
783,2,9,5,1,1,2,7,"Failed","Risky",7.8,"Not Verified"
784,9,5,1,1,4,6,6,"Passed","Risky",5.6,"Not Verified"
785,15,10,0,0,2,6,2,"Passed","Risky",5.2,"Not Verified"
786,1,8,3,4,3,6,10,"Failed","Risky",9.2,"Not Verified"
787,10,7,5,0,2,8,7,"Failed","Risky",7,"Not Verified"
788,9,3,5,0,5,7,10,"Failed","Risky",7.2,"Not Verified"
789,9,9,0,4,0,2,4,"Passed","Risky",6,"Not Verified"
790,7,9,4,5,1,5,10,"Failed","Risky",9.6,"Not Verified"
791,18,5,5,2,2,2,9,"Failed","Safe",7.4,"Not Verified"
792,12,2,0,3,2,3,5,"Passed","Safe",3.8,"Verified"
793,6,4,4,3,1,8,8,"Failed","Risky",6.4,"Not Verified"
794,7,4,3,3,4,9,10,"Failed","Risky",7.6,"Not Verified"
795,16,8,0,4,1,9,5,"Passed","Risky",6.2,"Not Verified"
796,16,8,5,0,0,3,5,"Passed","Risky",6.2,"Not Verified"
797,2,1,0,1,3,10,4,"Passed","Risky",2.8,"Not Verified"
798,2,5,1,2,3,7,6,"Passed","Risky",5.6,"Not Verified"
799,14,2,3,5,3,3,11,"Failed","Safe",7.4,"Not Verified"
800,7,9,0,4,4,7,8,"Failed","Risky",8.4,"Not Verified"
801,6,1,0,0,3,2,3,"Passed","Safe",2.2,"Verified"
802,4,10,2,2,5,5,9,"Failed","Risky",9.4,"Not Verified"
803,3,1,1,0,0,10,1,"Passed","Risky",1,"Not Verified"
804,14,5,0,4,2,0,6,"Passed","Safe",5.6,"Verified"
805,19,7,1,5,3,5,9,"Failed","Risky",8.2,"Not Verified"
806,14,6,0,2,1,0,3,"Passed","Risky",4.2,"Not Verified"
807,16,1,3,4,0,8,7,"Failed","Risky",4.6,"Not Verified"
808,10,6,1,1,4,10,6,"Passed","Risky",6,"Not Verified"
809,12,4,1,5,3,2,9,"Failed","Safe",7,"Not Verified"
810,18,10,1,4,4,5,9,"Failed","Risky",9.4,"Not Verified"
811,3,7,1,1,4,8,6,"Passed","Risky",6.4,"Not Verified"
812,1,2,4,0,1,8,5,"Passed","Risky",3.8,"Not Verified"
813,12,7,1,4,2,3,7,"Failed","Risky",7,"Not Verified"
814,17,2,1,4,5,0,10,"Failed","Safe",6.8,"Not Verified"
815,1,9,3,0,5,8,8,"Failed","Risky",8.4,"Not Verified"
816,4,1,5,5,0,4,10,"Failed","Safe",6.4,"Not Verified"
817,19,8,3,3,4,7,10,"Failed","Risky",9.2,"Not Verified"
818,13,2,3,0,0,8,3,"Passed","Risky",2.6,"Not Verified"
819,18,8,4,1,2,7,7,"Failed","Risky",7.4,"Not Verified"
820,15,8,1,4,2,4,7,"Failed","Risky",7.4,"Not Verified"
821,13,7,3,4,3,6,10,"Failed","Risky",8.8,"Not Verified"
822,14,4,4,2,5,1,11,"Failed","Safe",8.2,"Not Verified"
823,18,2,1,2,0,0,3,"Passed","Safe",2.6,"Verified"
824,12,8,1,4,3,7,8,"Failed","Risky",8,"Not Verified"
825,18,9,3,0,3,0,6,"Passed","Risky",7.2,"Not Verified"
826,7,6,3,2,2,8,7,"Failed","Risky",6.6,"Not Verified"
827,4,10,5,0,5,4,10,"Failed","Risky",10,"Not Verified"
828,4,5,0,3,0,4,3,"Passed","Safe",3.8,"Verified"
829,3,8,0,3,3,7,6,"Passed","Risky",6.8,"Not Verified"
830,11,4,1,2,5,5,8,"Failed","Safe",6.4,"Not Verified"
831,19,9,0,5,4,4,9,"Failed","Risky",9,"Not Verified"
832,16,3,5,2,0,9,7,"Failed","Risky",5.4,"Not Verified"
833,15,2,0,3,3,0,6,"Passed","Safe",4.4,"Verified"
834,11,3,1,3,4,5,8,"Failed","Safe",6,"Not Verified"
835,6,1,1,4,0,2,5,"Passed","Safe",3.4,"Verified"
836,5,8,1,1,5,8,7,"Failed","Risky",7.4,"Not Verified"
837,2,10,5,1,2,1,8,"Failed","Risky",8.8,"Not Verified"
838,17,3,2,3,2,6,7,"Failed","Risky",5.4,"Not Verified"
839,5,6,2,5,4,2,11,"Failed","Risky",9,"Not Verified"
840,19,8,3,4,5,4,12,"Failed","Risky",10.4,"Not Verified"
841,15,1,2,5,4,0,11,"Failed","Safe",7,"Not Verified"
842,19,4,3,3,3,3,9,"Failed","Safe",7,"Not Verified"
843,3,3,1,0,5,10,6,"Passed","Risky",4.8,"Not Verified"
844,15,2,2,2,5,9,9,"Failed","Risky",6.2,"Not Verified"
845,3,3,4,5,3,9,12,"Failed","Risky",8.4,"Not Verified"
846,2,7,1,1,2,8,4,"Passed","Risky",5.2,"Not Verified"
847,5,5,0,0,0,1,0,"Passed","Safe",2,"Verified"
848,5,3,1,2,0,0,3,"Passed","Safe",3,"Verified"
849,7,6,0,3,3,2,6,"Passed","Risky",6,"Not Verified"
850,2,4,2,4,3,10,9,"Failed","Risky",7,"Not Verified"
851,16,7,5,0,2,10,7,"Failed","Risky",7,"Not Verified"
852,8,5,3,1,1,0,5,"Passed","Safe",5,"Verified"
853,18,10,1,4,3,4,8,"Failed","Risky",8.8,"Not Verified"
854,19,4,2,5,3,7,10,"Failed","Risky",7.6,"Not Verified"
855,9,9,5,5,1,4,11,"Failed","Risky",10.2,"Not Verified"
856,19,10,4,3,2,1,9,"Failed","Risky",9.4,"Not Verified"
857,14,2,3,4,5,1,12,"Failed","Safe",8,"Not Verified"
858,19,2,3,3,3,5,9,"Failed","Safe",6.2,"Not Verified"
859,5,2,0,4,0,1,4,"Passed","Safe",3.2,"Verified"
860,13,5,1,0,2,6,3,"Passed","Risky",3.8,"Not Verified"
861,16,5,4,3,0,6,7,"Failed","Risky",6.2,"Not Verified"
862,7,5,2,3,0,6,5,"Passed","Risky",5,"Not Verified"
863,8,4,4,0,2,4,6,"Passed","Safe",5.2,"Verified"
864,16,10,3,0,3,8,6,"Passed","Risky",7.6,"Not Verified"
865,15,7,4,3,1,5,8,"Failed","Risky",7.6,"Not Verified"
866,20,3,3,0,2,2,5,"Passed","Safe",4.2,"Verified"
867,3,8,0,2,2,2,4,"Passed","Risky",5.6,"Not Verified"
868,17,2,2,2,4,2,8,"Failed","Safe",5.6,"Not Verified"
869,7,10,2,5,2,4,9,"Failed","Risky",9.4,"Not Verified"
870,13,5,3,4,4,7,11,"Failed","Risky",8.6,"Not Verified"
871,3,4,5,5,2,6,12,"Failed","Risky",8.8,"Not Verified"
872,13,6,0,4,4,3,8,"Failed","Risky",7.2,"Not Verified"
873,14,7,3,5,5,8,13,"Failed","Risky",10.6,"Not Verified"
874,4,5,0,2,4,4,6,"Passed","Safe",5.6,"Verified"
875,16,2,0,1,5,8,6,"Passed","Risky",4.4,"Not Verified"
876,9,9,5,5,1,4,11,"Failed","Risky",10.2,"Not Verified"
877,16,1,4,0,3,3,7,"Failed","Safe",4.6,"Not Verified"
878,9,7,1,2,1,0,4,"Passed","Risky",5.2,"Not Verified"
879,5,8,2,5,0,5,7,"Failed","Risky",7.4,"Not Verified"
880,14,3,5,1,5,8,11,"Failed","Risky",7.8,"Not Verified"
881,12,1,2,3,2,6,7,"Failed","Risky",4.6,"Not Verified"
882,14,1,0,4,4,2,8,"Failed","Safe",5.2,"Not Verified"
883,13,5,5,1,1,3,7,"Failed","Safe",6.2,"Not Verified"
884,20,1,3,1,3,0,7,"Failed","Safe",4.6,"Not Verified"
885,15,8,3,3,3,0,9,"Failed","Risky",8.6,"Not Verified"
886,8,3,3,4,3,5,10,"Failed","Safe",7.2,"Not Verified"
887,13,4,1,4,5,0,10,"Failed","Safe",7.6,"Not Verified"
888,7,8,1,2,5,6,8,"Failed","Risky",8,"Not Verified"
889,5,10,0,2,2,5,4,"Passed","Risky",6.4,"Not Verified"
890,8,3,0,3,4,1,7,"Failed","Safe",5.4,"Not Verified"
891,15,7,5,4,2,10,11,"Failed","Risky",9.4,"Not Verified"
892,14,5,4,4,1,7,9,"Failed","Risky",7.4,"Not Verified"
893,16,1,3,0,2,0,5,"Passed","Safe",3.4,"Verified"
894,1,5,2,0,5,9,7,"Failed","Risky",6.2,"Not Verified"
895,14,2,5,3,1,3,9,"Failed","Safe",6.2,"Not Verified"
896,17,9,0,0,3,6,3,"Passed","Risky",5.4,"Not Verified"
897,7,7,3,1,4,7,8,"Failed","Risky",7.6,"Not Verified"
898,7,4,4,3,1,0,8,"Failed","Safe",6.4,"Not Verified"
899,13,4,0,4,4,7,8,"Failed","Risky",6.4,"Not Verified"
900,15,3,2,3,5,5,10,"Failed","Safe",7.2,"Not Verified"
901,12,10,5,0,5,10,10,"Failed","Risky",10,"Not Verified"
902,14,4,3,1,5,8,9,"Failed","Risky",7,"Not Verified"
903,19,1,1,3,1,7,5,"Passed","Risky",3.4,"Not Verified"
904,19,4,1,1,4,4,6,"Passed","Safe",5.2,"Verified"
905,17,3,5,2,2,8,9,"Failed","Risky",6.6,"Not Verified"
906,9,7,3,4,1,5,8,"Failed","Risky",7.6,"Not Verified"
907,13,10,0,5,0,6,5,"Passed","Risky",7,"Not Verified"
908,14,7,5,3,4,7,12,"Failed","Risky",10,"Not Verified"
909,6,7,3,2,0,2,5,"Passed","Risky",5.8,"Not Verified"
910,1,5,1,1,4,8,6,"Passed","Risky",5.6,"Not Verified"
911,16,10,4,0,4,2,8,"Failed","Risky",8.8,"Not Verified"
912,8,6,1,5,0,2,6,"Passed","Risky",6,"Not Verified"
913,5,5,1,0,1,5,2,"Passed","Safe",3.2,"Verified"
914,10,5,4,5,5,10,14,"Failed","Risky",10.4,"Not Verified"
915,9,10,1,4,1,8,6,"Passed","Risky",7.6,"Not Verified"
916,5,9,3,5,3,3,11,"Failed","Risky",10.2,"Not Verified"
917,14,1,0,0,2,0,2,"Passed","Safe",1.6,"Verified"
918,19,5,5,5,4,4,14,"Failed","Safe",10.4,"Not Verified"
919,1,4,2,1,2,7,5,"Passed","Risky",4.6,"Not Verified"
920,16,7,5,0,3,7,8,"Failed","Risky",7.6,"Not Verified"
921,6,1,2,2,0,6,4,"Passed","Risky",2.8,"Not Verified"
922,20,9,5,3,1,0,9,"Failed","Risky",9,"Not Verified"
923,8,6,1,3,1,10,5,"Passed","Risky",5.4,"Not Verified"
924,14,7,5,3,1,10,9,"Failed","Risky",8.2,"Not Verified"
925,14,10,2,2,4,10,8,"Failed","Risky",8.8,"Not Verified"
926,8,7,5,0,4,4,9,"Failed","Risky",8.2,"Not Verified"
927,11,7,4,1,4,1,9,"Failed","Risky",8.2,"Not Verified"
928,20,9,0,4,0,1,4,"Passed","Risky",6,"Not Verified"
929,5,4,5,1,5,6,11,"Failed","Risky",8.2,"Not Verified"
930,14,10,3,3,0,3,6,"Passed","Risky",7.6,"Not Verified"
931,1,3,2,3,5,10,10,"Failed","Risky",7.2,"Not Verified"
932,1,9,2,1,3,3,6,"Passed","Risky",7.2,"Not Verified"
933,5,7,5,2,5,9,12,"Failed","Risky",10,"Not Verified"
934,3,1,5,3,3,1,11,"Failed","Safe",7,"Not Verified"
935,4,4,1,2,2,1,5,"Passed","Safe",4.6,"Verified"
936,3,9,3,4,2,3,9,"Failed","Risky",9,"Not Verified"
937,14,1,3,2,0,3,5,"Passed","Safe",3.4,"Verified"
938,18,5,0,2,4,8,6,"Passed","Risky",5.6,"Not Verified"
939,10,1,1,0,0,5,1,"Passed","Safe",1,"Verified"
940,12,7,3,1,4,8,8,"Failed","Risky",7.6,"Not Verified"
941,16,5,5,2,1,0,8,"Failed","Safe",6.8,"Not Verified"
942,3,1,0,2,1,0,3,"Passed","Safe",2.2,"Verified"
943,12,8,5,2,1,7,8,"Failed","Risky",8,"Not Verified"
944,5,1,0,4,0,10,4,"Passed","Risky",2.8,"Not Verified"
945,13,4,1,3,0,7,4,"Passed","Risky",4,"Not Verified"
946,8,7,2,1,2,9,5,"Passed","Risky",5.8,"Not Verified"
947,17,3,5,3,4,5,12,"Failed","Safe",8.4,"Not Verified"
948,5,7,4,4,1,1,9,"Failed","Risky",8.2,"Not Verified"
949,19,5,5,0,5,4,10,"Failed","Safe",8,"Not Verified"
950,6,6,2,1,0,0,3,"Passed","Risky",4.2,"Not Verified"
951,2,6,1,3,3,2,7,"Failed","Risky",6.6,"Not Verified"
952,17,3,4,1,5,7,10,"Failed","Risky",7.2,"Not Verified"
953,17,7,4,1,0,0,5,"Passed","Risky",5.8,"Not Verified"
954,8,10,5,2,3,8,10,"Failed","Risky",10,"Not Verified"
955,19,3,1,5,5,7,11,"Failed","Risky",7.8,"Not Verified"
956,18,5,5,5,4,3,14,"Failed","Safe",10.4,"Not Verified"
957,19,4,3,2,1,3,6,"Passed","Safe",5.2,"Verified"
958,5,3,5,1,0,4,6,"Passed","Safe",4.8,"Verified"
959,14,4,3,0,5,1,8,"Failed","Safe",6.4,"Not Verified"
960,12,10,0,4,4,1,8,"Failed","Risky",8.8,"Not Verified"
961,1,8,1,5,0,6,6,"Passed","Risky",6.8,"Not Verified"
962,16,4,0,1,3,0,4,"Passed","Safe",4,"Verified"
963,18,1,4,4,1,10,9,"Failed","Risky",5.8,"Not Verified"
964,20,10,2,1,4,2,7,"Failed","Risky",8.2,"Not Verified"
965,7,9,0,2,2,7,4,"Passed","Risky",6,"Not Verified"
966,5,9,4,4,0,1,8,"Failed","Risky",8.4,"Not Verified"
967,10,5,0,3,5,10,8,"Failed","Risky",6.8,"Not Verified"
968,4,5,5,0,5,2,10,"Failed","Safe",8,"Not Verified"
969,8,7,2,3,2,4,7,"Failed","Risky",7,"Not Verified"
970,17,5,0,5,4,0,9,"Failed","Safe",7.4,"Not Verified"
971,5,8,1,2,5,3,8,"Failed","Risky",8,"Not Verified"
972,7,6,1,2,2,9,5,"Passed","Risky",5.4,"Not Verified"
973,12,1,1,0,2,5,3,"Passed","Safe",2.2,"Verified"
974,13,6,5,2,4,3,11,"Failed","Risky",9,"Not Verified"
975,10,2,3,0,0,4,3,"Passed","Safe",2.6,"Verified"
976,1,4,0,2,4,1,6,"Passed","Safe",5.2,"Verified"
977,15,6,3,5,1,4,9,"Failed","Risky",7.8,"Not Verified"
978,14,5,0,2,5,4,7,"Failed","Safe",6.2,"Not Verified"
979,7,3,0,1,2,0,3,"Passed","Safe",3,"Verified"
980,2,1,2,3,2,10,7,"Failed","Risky",4.6,"Not Verified"
981,10,10,3,0,5,6,8,"Failed","Risky",8.8,"Not Verified"
982,15,4,2,5,2,8,9,"Failed","Risky",7,"Not Verified"
983,19,10,2,1,0,5,3,"Passed","Risky",5.8,"Not Verified"
984,18,4,3,1,1,6,5,"Passed","Risky",4.6,"Not Verified"
985,14,10,0,1,3,8,4,"Passed","Risky",6.4,"Not Verified"
986,18,8,1,1,1,3,3,"Passed","Risky",5,"Not Verified"
987,19,6,0,1,0,3,1,"Passed","Risky",3,"Not Verified"
988,3,8,3,2,1,6,6,"Passed","Risky",6.8,"Not Verified"
989,11,10,0,3,1,4,4,"Passed","Risky",6.4,"Not Verified"
990,20,6,5,4,5,10,14,"Failed","Risky",10.8,"Not Verified"
991,5,4,3,4,5,9,12,"Failed","Risky",8.8,"Not Verified"
992,14,7,3,0,1,5,4,"Passed","Risky",5.2,"Not Verified"
993,18,8,3,4,5,6,12,"Failed","Risky",10.4,"Not Verified"
994,9,5,4,2,5,1,11,"Failed","Safe",8.6,"Not Verified"
995,1,10,5,2,3,1,10,"Failed","Risky",10,"Not Verified"
996,7,4,2,1,5,8,8,"Failed","Risky",6.4,"Not Verified"
997,15,7,2,3,1,3,6,"Passed","Risky",6.4,"Not Verified"
998,17,9,3,4,2,9,9,"Failed","Risky",9,"Not Verified"
999,6,4,3,5,1,0,9,"Failed","Safe",7,"Not Verified"
1000,13,5,0,0,0,1,0,"Passed","Safe",2,"Verified"
